fppi,fppi_alias,ippi,ippi_alias,cpi,cpi_alias,cpi_category
Eggs in shell [A24],fppiEggs,"Butter, and dry and canned dairy products [17312]",ippiButter,Butter,cpiButter,dairy
Unprocessed milk [A25],fppiMilk,Cheese and cheese products [17313],ippiCheese,Cheese,cpiCheese,dairy
Fresh fruit [A14],fppiFruit,Dairy products [173],ippiDairy,Dairy products,cpiDairy ,dairy
Fresh potatoes [A16],fppiPotato,"Ice cream, sherbet and similar frozen desserts [17314]",ippiIceCream,Eggs,cpiEggs,dairy
Fresh vegetables (except potatoes and pulse crops) [A15],fppiVeggie,"Frozen, fresh and canned fruit and vegetable juices [19211]",ippiJuice,Fresh milk,cpiFreshMilk,dairy
Grains [A11],fppiGrain,"Bread, rolls and flatbreads [18313]",ippiBread,Ice cream and related products,cpiIceCream ,dairy
Cattle and calves [A21],fppiBeef,Breakfast cereal and other cereal products [18311],ippiCereal,Apples,cpiApples,f&v
"Chickens, turkeys, chicks, poults [A23]",fppiChicken,"Cookies, crackers and baked sweet goods [18314]",ippiCookie,Bananas,cpiBananas,f&v
Hogs [A22],fppiHogs,Flour and other grain mill products [18212],ippiFlour,Fresh fruit,cpiFreshFruit,f&v
Oilseeds [A12],fppiOilseed,"Flour mixes, dough and dry pasta [18312]",ippiPasta,Fresh vegetables,cpiFreshVegetables,f&v
,,Fresh and frozen beef and veal [17211],ippiBeef,Fruit juices,cpiFruitJuices,f&v
,,Fresh and frozen chicken [172131],ippiChicken,"Fruit, fruit preparations and nuts",cpiFruit,f&v
,,Fresh and frozen pork [17212],ippiPork,Lettuce,cpiLettuce,f&v
,,"Ham, bacon and other processed pork [172152]",ippiHam,Oranges,cpiOranges,f&v
,,Meat products [172],ippiMeat,Potatoes,cpiPotatoes,f&v
,,"Canola or rapeseed oil (crude, once-refined, fuel-grade or industrial) [182133]",ippiCanola,Tomatoes,cpiTomatoes,f&v
,,Margarine and cooking oils [18211],ippiMargarine,Bakery products,cpiBakery,grain
,,"Soybean oil (crude, once-refined, fuel-grade or industrial) [182132]",ippiSoybean,"Bread, rolls and buns",cpiBread,grain
,,Coffee and tea [19111],ippiCoffee,Breakfast cereal and other cereal products (excluding baby food),cpiCereal,grain
,,Sugar and sugar mill by-products [18214],ippiSugar,Cookies and crackers,cpiCookies,grain
,,,,Flour and flour-based mixes,cpiFlour,grain
,,,,Pasta products,cpiPasta,grain
,,,,Fresh or frozen beef,cpiBeef,meat
,,,,Fresh or frozen chicken,cpiChicken,meat
,,,,Fresh or frozen pork,cpiPork,meat
,,,,Ham and bacon,cpiHam,meat
,,,,Meat,cpiMeat,meat
,,,,Edible fats and oils,cpiEdibleFats,oil
,,,,Margarine,cpiMargarine,oil
,,,,Coffee and tea,cpiCoffee,other
,,,,Rice and rice-based mixes,cpiRice,other
,,,,Sugar and confectionery,cpiSugar,other
