{"chunk_definitions":[{"row":11,"row_count":1,"visible":true,"expansion_state":0,"options":{"engine":"r","label":"setup","include":false},"document_id":"68EAF4E0","chunk_id":"csetup_chunk","chunk_label":"setup"},{"row":152,"row_count":1,"visible":true,"expansion_state":0,"options":{"engine":"r","label":"create new stationary data"},"document_id":"68EAF4E0","chunk_id":"ck2ivkmn6e9o0","chunk_label":"create new stationary data"}],"doc_write_time":1688598308,"working_dir":null,"default_chunk_options":{}}