﻿FPPI,Stationarity_FPPI,IPPI,Stationarity_IPPI,CPI,Stationarity_CPI
Fresh fruit ,,Dummy,,Apples,
Grains ,,Dummy,,Bakery products,
Fresh fruit ,,Dummy,,Bananas,
Grains ,,"Bread, rolls and flatbreads ",,"Bread, rolls and buns",
Grains ,,Breakfast cereal and other cereal products ,,Breakfast cereal and other cereal products (excluding baby food),
Unprocessed milk ,,"Butter, and dry and canned dairy products",,Butter,
Unprocessed milk ,,Cheese and cheese products ,,Cheese,
Dummy,,Coffee and tea ,,Coffee and tea,
Grains ,,"Cookies, crackers and baked sweet goods ",,Cookies and crackers,
Unprocessed milk ,,Dairy products ,,Dairy products,
Oilseeds ,,"Soybean oil (crude, once-refined, fuel-grade or industrial) ",,Dummy,
Oilseeds ,,"Canola or rapeseed oil (crude, once-refined, fuel-grade or industrial) ",,Edible fats and oils,
Eggs in shell ,,Dummy,,Eggs,
Grains ,,Flour and other grain mill products ,,Flour and flour-based mixes,
Fresh fruit ,,Dummy,,Fresh fruit,
Unprocessed milk ,,Dummy,,Fresh milk,
Cattle and calves ,,Fresh and frozen beef and veal ,,Fresh or frozen beef,
"Chickens, turkeys, chicks, poults ",,Fresh and frozen chicken ,,Fresh or frozen chicken,
Hogs ,,Fresh and frozen pork ,,Fresh or frozen pork,
Fresh vegetables (except potatoes and pulse crops) ,,Dummy,,Fresh vegetables,
Fresh fruit ,,"Frozen, fresh and canned fruit and vegetable juices ",,Fruit juices,
Fresh fruit ,,Dummy,,"Fruit, fruit preparations and nuts",
Hogs ,,"Ham, bacon and other processed pork ",,Ham and bacon,
Unprocessed milk ,,"Ice cream, sherbet and similar frozen desserts ",,Ice cream and related products,
Fresh vegetables (except potatoes and pulse crops) ,,Dummy,,Lettuce,
Oilseeds ,,Margarine and cooking oils ,,Margarine,
Dummy,,Meat products ,,Meat,
Fresh fruit ,,Dummy,,Oranges,
Grains ,,"Flour mixes, dough and dry pasta ",,Pasta products,
Fresh potatoes ,,Dummy,,Potatoes,
Dummy,,Dummy,,Rice and rice-based mixes,
Dummy,,Sugar and sugar mill by-products ,,Sugar and confectionery,
Fresh vegetables (except potatoes and pulse crops) ,,Dummy,,Tomatoes,
