fppi,Stationarity,ippi,Stationarity,cpi,Stationarity
Unprocessed milk [A25],,"Butter, and dry and canned dairy products [17312]",,Butter,
Unprocessed milk [A25],,Cheese and cheese products [17313],,Cheese,
Unprocessed milk [A25],,Dairy products [173],,Dairy products,
Eggs in shell [A24],,Dummy,,Eggs,
Unprocessed milk [A25],,Dummy,,Fresh milk,
Unprocessed milk [A25],,"Ice cream, sherbet and similar frozen desserts [17314]",,Ice cream and related products,
Fresh fruit [A14],,Dummy,,Apples,
Fresh fruit [A14],,Dummy,,Bananas,
Fresh fruit [A14],,Dummy,,Fresh fruit,
Fresh vegetables (except potatoes and pulse crops) [A15],,Dummy,,Fresh vegetables,
Fresh fruit [A14],,"Frozen, fresh and canned fruit and vegetable juices [19211]",,Fruit juices,
Fresh fruit [A14],,Dummy,,"Fruit, fruit preparations and nuts",
Fresh vegetables (except potatoes and pulse crops) [A15],,Dummy,,Lettuce,
Fresh fruit [A14],,Dummy,,Oranges,
Fresh potatoes [A16],,Dummy,,Potatoes,
Fresh vegetables (except potatoes and pulse crops) [A15],,Dummy,,Tomatoes,
Grains [A11],,Dummy,,Bakery products,
Grains [A11],,"Bread, rolls and flatbreads [18313]",,"Bread, rolls and buns",
Grains [A11],,Breakfast cereal and other cereal products [18311],,Breakfast cereal and other cereal products (excluding baby food),
Grains [A11],,"Cookies, crackers and baked sweet goods [18314]",,Cookies and crackers,
Grains [A11],,Flour and other grain mill products [18212],,Flour and flour-based mixes,
Grains [A11],,"Flour mixes, dough and dry pasta [18312]",,Pasta products,
Cattle and calves [A21],,Fresh and frozen beef and veal [17211],,Fresh or frozen beef,
"Chickens, turkeys, chicks, poults [A23]",,Fresh and frozen chicken [172131],,Fresh or frozen chicken,
Hogs [A22],,Fresh and frozen pork [17212],,Fresh or frozen pork,
Hogs [A22],,"Ham, bacon and other processed pork [172152]",,Ham and bacon,
Dummy,,Meat products [172],,Meat,
Oilseeds [A12],,"Canola or rapeseed oil (crude, once-refined, fuel-grade or industrial) [182133]",,Edible fats and oils,
Oilseeds [A12],,Margarine and cooking oils [18211],,Margarine,
Oilseeds [A12],,"Soybean oil (crude, once-refined, fuel-grade or industrial) [182132]",,Dummy,
Dummy,,Coffee and tea [19111],,Coffee and tea,
Dummy,,Dummy,,Rice and rice-based mixes,
Dummy,,Sugar and sugar mill by-products [18214],,Sugar and confectionery,
