{"chunk_definitions":[{"row":11,"row_count":1,"visible":true,"expansion_state":0,"options":{"engine":"r","label":"setup","include":false},"document_id":"6045B0AE","chunk_id":"csetup_chunk","chunk_label":"setup"},{"row":101,"row_count":1,"visible":true,"expansion_state":0,"options":{"engine":"r","label":"adf"},"document_id":"6045B0AE","chunk_id":"cd9kc6rtir3kp","chunk_label":"adf"},{"row":127,"row_count":1,"visible":true,"expansion_state":0,"options":{"engine":"r","label":"test"},"document_id":"6045B0AE","chunk_id":"c5fagg72kq8bn","chunk_label":"test"},{"row":150,"row_count":1,"visible":true,"expansion_state":0,"options":{"engine":"r","label":"chain_stationarity"},"document_id":"6045B0AE","chunk_id":"c02xswjvtfonm","chunk_label":"chain_stationarity"}],"doc_write_time":1688448455,"working_dir":null,"default_chunk_options":{"echo":true}}