"0","Chains_Stationarity <- read_csv(""output_bic/Chains_Stationarity.csv"")"
"2","[1mRows: [22m[34m33[39m [1mColumns: [22m[34m6[39m"
"2","[36m──[39m [1mColumn specification[22m [36m──────────────────────────────────────────────────────────────────────────────────────[39m
[1mDelimiter:[22m "",""
[31mchr[39m (3): FPPI, IPPI, CPI
[33mlgl[39m (3): Stationarity_FPPI, Stationarity_IPPI, Stationarity_CPI"
"2","
[36mℹ[39m Use `spec()` to retrieve the full column specification for this data.
[36mℹ[39m Specify the column types or set `show_col_types = FALSE` to quiet this message."
"0","adf_fpi=adf_result_FPI_BIC[,1:2] #Subsets of stationarity test results"
"0","adf_ippi=adf_result_IPPI_BIC[,1:2]"
"0","adf_ippi$Variable <- gsub(""\\[[0-9]*\\]"", """", adf_ippi$Variable)"
"0","adf_ippi$Variable <- gsub("".{2}$"", """", adf_ippi$Variable) #Remove Spaces"
"0",""
"0","adf_cpi=adf_result_CPI_BIC[,1:2]"
"0",""
"0","#create a new data set that merge the stationary results in R"
"0","result = Chains_Stationarity %>% left_join(adf_fpi, by = c(""FPPI"" = ""Variable"")) %>% #Add FPPI"
"0","  mutate(Stationarity_FPPI = ADF.Test.Result) %>%"
"0","  select(-ADF.Test.Result)%>% left_join(adf_ippi, by = c(""IPPI"" = ""Variable"")) %>% #Add IPPI"
"0","  mutate(Stationarity_IPPI = ADF.Test.Result) %>%"
"0","  select(-ADF.Test.Result) %>% left_join(adf_cpi, by = c(""CPI"" = ""Variable"")) %>% # Add CPI"
"0","  mutate(Stationarity_CPI = ADF.Test.Result) %>%"
"0","  select(-ADF.Test.Result)"
"0",""
"0","write_xlsx(result, path = ""output_bic/result.xlsx"")"
"0","write_xlsx(adf_ippi, path = ""output_bic/adf_ippi.xlsx"")"
"0",""
