{"chunk_definitions":[{"row":11,"row_count":1,"visible":true,"expansion_state":0,"options":{"engine":"r","label":"setup","include":false},"document_id":"B68D905F","chunk_id":"csetup_chunk","chunk_label":"setup"},{"row":23,"row_count":1,"visible":true,"expansion_state":0,"options":{"engine":"r","label":"unnamed-chunk-3"},"document_id":"B68D905F","chunk_id":"cs4dzg99f5abx","chunk_label":"unnamed-chunk-1"},{"row":52,"row_count":1,"visible":true,"expansion_state":0,"options":{"engine":"r","label":"unnamed-chunk-14"},"document_id":"B68D905F","chunk_id":"cqhp0a7s1yrk2","chunk_label":"unnamed-chunk-2"}],"doc_write_time":1688489631,"working_dir":null,"default_chunk_options":{}}