"0","pacman::p_load(readr, urca, writexl,dplyr,vars,readxl,here,kableExtra,DT,broom,modelsummary)
"
"2","还安装相依关系‘bayestestR’, ‘datawizard’, ‘checkmate’, ‘data.table’, ‘insight’, ‘parameters’, ‘performance’, ‘tables’

"
"2","Warning: downloaded length 0 != reported length 0"
"2","Warning: cannot open URL 'https://www.stats.ox.ac.uk/pub/RWin/bin/windows/contrib/4.3/PACKAGES.rds': HTTP status was '404 Not Found'"
"2","Warning: downloaded length 0 != reported length 0"
"2","Warning: cannot open URL 'https://www.stats.ox.ac.uk/pub/RWin/bin/windows/contrib/4.3/PACKAGES.gz': HTTP status was '404 Not Found'"
"2","Warning: downloaded length 0 != reported length 0"
"2","Warning: cannot open URL 'https://www.stats.ox.ac.uk/pub/RWin/bin/windows/contrib/4.3/PACKAGES': HTTP status was '404 Not Found'"
"2","Warning: 无法在貯藏處http://www.stats.ox.ac.uk/pub/RWin/bin/windows/contrib/4.3中读写索引:
  cannot open URL 'http://www.stats.ox.ac.uk/pub/RWin/bin/windows/contrib/4.3/PACKAGES'"
"1","
"
"1",""
"1","  有二进制版本的，但源代码版本是后来的"
"1",""
"1",":
"
