"0","i=1"
"0","#Clean alias"
"0","FPPI_alias <- subset(alias,select = c(""fppi"",""fppi_alias""))"
"0","IPPI_alias <- subset(alias,select = c(""ippi"",""ippi_alias""))"
"0","CPI_alias <- subset(alias,select = c(""cpi"",""cpi_alias""))"
"0","valid_ippi_alias <- na.omit(IPPI_alias[IPPI_alias != """",])"
"0","valid_fppi_alias <- na.omit(FPPI_alias[FPPI_alias != """",])"
"0","valid_cpi_alias <- na.omit(CPI_alias[CPI_alias != """",])"
"0",""
"0","#set subset"
"0","cpi=subset(CPI,select=c(""period"",valid_cpi_alias$cpi))"
"0","fppi=subset(FPPI, select = c(""period"",valid_fppi_alias$fppi))"
"0",""
"0","ippi=subset(IPPI, select = c(""period"",valid_ippi_alias$ippi))"
"0","# Rename the columns in the cpi data frame"
"0","colnames(cpi)=c(""period"",valid_cpi_alias$cpi_alias)"
"0","colnames(fppi)=c(""period"",valid_fppi_alias$fppi_alias)"
"0","colnames(ippi)=c(""period"",valid_ippi_alias$ippi_alias)"
"0",""
"0","ippi$Dummy = c(NA) #Insert Dummy set for some pairs"
"0","fppi$Dummy=NA"
"0","cpi$Dummy=NA"
