"0","Chains_Stationarity <- read_csv(""output_bic/Chains_Stationarity.csv"")"
"2","[1mRows: [22m[34m33[39m [1mColumns: [22m[34m6[39m"
"2","[36m──[39m [1mColumn specification[22m [36m──────────────────────────────────────────────────────────────────────────────────────[39m
[1mDelimiter:[22m "",""
[31mchr[39m (4): FPPI, IPPI, CPI, Stationarity_CPI
[33mlgl[39m (2): Stationarity_FPPI, Stationarity_IPPI"
"2","
[36mℹ[39m Use `spec()` to retrieve the full column specification for this data.
[36mℹ[39m Specify the column types or set `show_col_types = FALSE` to quiet this message."
"0","adf_fpi=adf_result_FPI_BIC[,1:2]"
"0","adf_ippi=adf_result_IPPI_BIC[,1:2]"
"0","adf_ippi$Variable <- gsub(""\\[[0-9]*\\]"", """", adf_ippi$Variable)"
"0",""
"0","adf_cpi=adf_result_CPI_BIC[,1:2]"
"0",""
"0","merged_data <- left_join(Chains_Stationarity, adf_fpi, by = c(""FPPI"" = ""Variable""))"
"0","#create a new data set that merge the stationary results in R"
"0","result = Chains_Stationarity %>% left_join(adf_fpi, by = c(""FPPI"" = ""Variable"")) %>%"
"0","  mutate(Stationarity_FPPI = ADF.Test.Result) %>%"
"0","  select(-ADF.Test.Result)"
"0",""
"0","write_xlsx(result, path = ""output_bic/result.xlsx"")"
"0","write_xlsx(adf_ippi, path = ""output_bic/adf_ippi.xlsx"")"
"0",""
"0",""
"0",""
