{"chunk_definitions":[{"row":11,"row_count":1,"visible":true,"expansion_state":0,"options":{"engine":"r","label":"setup","include":false},"document_id":"88432951","chunk_id":"csetup_chunk","chunk_label":"setup"},{"row":24,"row_count":1,"visible":true,"expansion_state":0,"options":{"engine":"r","label":"unnamed-chunk-127"},"document_id":"88432951","chunk_id":"ch9woxaipwuqq","chunk_label":"unnamed-chunk-1"},{"row":31,"row_count":1,"visible":true,"expansion_state":0,"options":{"engine":"r","label":"clean alias"},"document_id":"88432951","chunk_id":"ckkgb781t14j9","chunk_label":"clean alias"},{"row":42,"row_count":1,"visible":true,"expansion_state":0,"options":{"engine":"r","label":"data formatting"},"document_id":"88432951","chunk_id":"c0p6ze1cd3ulu","chunk_label":"data formatting"},{"row":68,"row_count":1,"visible":true,"expansion_state":0,"options":{"engine":"r","label":"create subset"},"document_id":"88432951","chunk_id":"c1z0qbj9vdpkz","chunk_label":"create subset"},{"row":142,"row_count":1,"visible":true,"expansion_state":0,"options":{"engine":"r","label":"create new stationary data"},"document_id":"88432951","chunk_id":"cxyn54403f5xn","chunk_label":"create new stationary data"}],"doc_write_time":1688511404,"working_dir":null,"default_chunk_options":{}}