{"chunk_definitions":[{"row":11,"row_count":1,"visible":true,"expansion_state":0,"options":{"engine":"r","label":"setup","include":false},"document_id":"88432951","chunk_id":"csetup_chunk","chunk_label":"setup"},{"row":25,"row_count":1,"visible":true,"expansion_state":0,"options":{"engine":"r","label":"unnamed-chunk-35"},"document_id":"88432951","chunk_id":"c0kgsu19mmtvj","chunk_label":"unnamed-chunk-1"},{"row":72,"row_count":1,"visible":true,"expansion_state":0,"options":{"engine":"r","label":"unnamed-chunk-34"},"document_id":"88432951","chunk_id":"c10cdya2p2akl","chunk_label":"unnamed-chunk-2"}],"doc_write_time":1688500033,"working_dir":null,"default_chunk_options":{}}