"0","adf_test_BIC  <- function(df) {"
"0","  var_list <- colnames(df)[-1]  # Extract variable names"
"0","  adf_stat <- matrix(NA, nrow = length(var_list), ncol = 1)  # Matrix to store ADF test results"
"0","  lag_no <- matrix(NA, nrow = length(var_list), ncol = 2)  # Matrix to save lag number and test statistics"
"0","  rownames(adf_stat) <- var_list"
"0","  colnames(adf_stat) <- c(""ADF Test Result"")"
"0","  colnames(lag_no) <- c(""Lag Lengths"", ""ADF Test Statistics"")"
"0",""
"0","  for (i in 1:length(var_list)) {"
"0","    var <- var_list[i]"
"0","    data <- na.omit(df[[var]])"
"0",""
"0","    # Perform ADF test with constant and trend"
"0","    adf_test_trend <- ur.df(data, type = ""trend"", selectlags = ""BIC"")"
"0",""
"0","    test_stat_tau3 <- adf_test_trend@teststat[1]"
"0","    test_stat_phi3 <- adf_test_trend@teststat[3]"
"0","    test_stat_phi2 <- adf_test_trend@teststat[2]"
"0",""
"0","    crit_val_tau3 <- adf_test_trend@cval[1]"
"0","    crit_val_phi3 <- adf_test_trend@cval[3]"
"0","    crit_val_phi2 <- adf_test_trend@cval[2]"
"0",""
"0","    # Perform ADF test with constant and no trend"
"0","    adf_test_drift <- ur.df(data, type = ""drift"", selectlags = ""BIC"")"
"0","    test_stat_tau2 <- adf_test_drift@teststat[1]"
"0","    crit_val_tau2 <- adf_test_drift@cval[1]"
"0","    test_stat_phi1 <- adf_test_drift@teststat[2]"
"0","    crit_val_phi1 <- adf_test_drift@cval[2]"
"0",""
"0","    # Perform ADF test with no constant and no trend"
"0","    adf_test_none <- ur.df(data, type = ""none"", selectlags = ""BIC"")"
"0","    test_stat_tau1 <- adf_test_none@teststat[1]"
"0","    crit_val_tau1 <- adf_test_none@cval[1]"
"0",""
"0","    # Determine the test statistic based on the flow chart"
"0","    if (abs(test_stat_phi3) > abs(crit_val_phi3) || abs(test_stat_phi2) > abs(crit_val_phi2)) {"
"0","      # Reject null hypothesis that delta != 0 using tau3"
"0","      if (abs(test_stat_tau3) > abs(crit_val_tau3)) {"
"0","        # P-value of trend coefficient's estimation < 0.01"
"0","        if (summary(adf_test_trend)@testreg[4]$coefficients[3, 4] < 0.01) {"
"0","          adf_stat[i, 1] <- ""Stationary with Trend""  # a1 != 0"
"0","        } else {"
"0","          adf_stat[i, 1] <- ""Stationary""  # fail to reject a1 = 0"
"0","        }"
"0","        lag_no[i, 2] <- round(abs(test_stat_tau3), 2)"
"0","        lag_no[i, 1] <- adf_test_trend@lags"
"0","      } else {"
"0","        adf_stat[i, 1] <- ""Non-stationary (Unit root with trend)"""
"0","        lag_no[i, 1] <- adf_test_trend@lags"
"0","        lag_no[i, 2] <- round(abs(test_stat_tau3), 2)"
"0","      }"
"0","    } else if (abs(test_stat_phi3) <= abs(crit_val_phi3) && abs(test_stat_phi2) <= abs(crit_val_phi2)) {"
"0","      # Accept Ho that both = 0 (phi2 fails to reject)"
"0","      if (abs(test_stat_phi1) > abs(crit_val_phi1)) {"
"0","        # Test delta = 0 (Tau 2)"
"0","        if (test_stat_tau2 > crit_val_tau2) {"
"0","          if (summary(adf_test_trend)@testreg[4]$coefficients[1, 4] < 0.01) {"
"0","            adf_stat[i, 1] <- ""Stationary with Drift"""
"0","            lag_no[i, 2] <- round(abs(test_stat_tau2), 2)"
"0","            lag_no[i, 1] <- adf_test_drift@lags"
"0","          } else {"
"0","            adf_stat[i, 1] <- ""Stationary"""
"0","            lag_no[i, 2] <- round(abs(test_stat_tau2), 2)"
"0","            lag_no[i, 1] <- adf_test_drift@lags"
"0","          }"
"0","        } else {"
"0","          adf_stat[i, 1] <- ""Non-stationary (Unit Root with drift)"""
"0","          lag_no[i, 2] <- round(abs(test_stat_tau2), 2)"
"0","          lag_no[i, 1] <- adf_test_drift@lags"
"0","        }"
"0","      } else {"
"0","        adf_stat[i, 1] <- ""Non-stationary (Pure random walk)"""
"0","        lag_no[i, 2] <- round(abs(test_stat_phi1), 2)"
"0","        lag_no[i, 1] <- adf_test_drift@lags"
"0","      }"
"0","    }"
"0","  }"
"0",""
"0","  combined_matrix <- cbind(adf_stat, lag_no)"
"0","  print(combined_matrix)"
"0","  result_BIC <- data.frame(Variable = var_list, ADF_Test_Result = adf_stat, Lag_Lengths = lag_no[, 1], ADF_Test_Statistics = lag_no[, 2])"
"0","  return(result_BIC)"
"0","}"
"0",""
