{"chunk_definitions":[{"row":11,"row_count":1,"visible":true,"expansion_state":0,"options":{"engine":"r","label":"setup","include":false},"document_id":"6045B0AE","chunk_id":"csetup_chunk","chunk_label":"setup"},{"row":113,"row_count":1,"visible":true,"expansion_state":0,"options":{"engine":"r","label":"adf"},"document_id":"6045B0AE","chunk_id":"ck3ei86jgldxo","chunk_label":"adf"},{"row":139,"row_count":1,"visible":true,"expansion_state":0,"options":{"engine":"r","label":"Output"},"document_id":"6045B0AE","chunk_id":"ck4zty42gntzb","chunk_label":"Output"},{"row":164,"row_count":1,"visible":true,"expansion_state":0,"options":{"engine":"r","label":"chain_stationarity"},"document_id":"6045B0AE","chunk_id":"cmjh0wlcxijn4","chunk_label":"chain_stationarity"},{"row":174,"row_count":1,"visible":true,"expansion_state":0,"options":{"engine":"r","label":"testt"},"document_id":"6045B0AE","chunk_id":"cr4crvk7j9f80","chunk_label":"testt"}],"doc_write_time":1688454181,"working_dir":null,"default_chunk_options":{"echo":true}}